Origin,proportion
Native,0.368856635528449
Endemic,0.30396047247741836
Introduced - established,0.27164363467922487
Cryptogenic,0.03182274376592295
No data,0.021369566895699837
Migrant,0.0008029028024395893
Vagrant,0.0005712962248127847
Introduced - eradicated,0.0004940940322705165
Introduced - intercepted,0.00047865359376206285
